{"cameraMode":{"drawMode":0,"name":"Shaded","section":"Shading Mode"},"sceneLighting":true,"audioPlay":false,"sceneViewState":{"showFog":true,"showMaterialUpdate":false,"showSkybox":true,"showFlares":true,"showImageEffects":true,"showParticleSystems":true},"in2DMode":false,"pivot":{"x":98.82483673095703,"y":-5.3201751708984379,"z":251.09902954101563},"rotation":{"x":-0.1464357078075409,"y":0.032326534390449527,"z":-0.004819336347281933,"w":-0.9886801838874817},"size":378.22088623046877,"orthographic":false}