{"cameraMode":{"drawMode":0,"name":"Shaded","section":"Shading Mode"},"sceneLighting":false,"audioPlay":false,"sceneViewState":{"showFog":true,"showMaterialUpdate":false,"showSkybox":true,"showFlares":true,"showImageEffects":true,"showParticleSystems":true},"in2DMode":false,"pivot":{"x":2.198915719985962,"y":4.352518558502197,"z":4.000308990478516},"rotation":{"x":0.2417721152305603,"y":-0.7140849232673645,"z":0.293811172246933,"w":0.5876257419586182},"size":8.295598030090332,"orthographic":false}