{"cameraMode":{"drawMode":0,"name":"Shaded","section":"Shading Mode"},"sceneLighting":false,"audioPlay":false,"sceneViewState":{"showFog":true,"showMaterialUpdate":false,"showSkybox":true,"showFlares":true,"showImageEffects":true,"showParticleSystems":true},"in2DMode":false,"pivot":{"x":-22.61421012878418,"y":4.58027982711792,"z":0.5840038061141968},"rotation":{"x":-0.2831454873085022,"y":-0.6906461715698242,"z":0.342879980802536,"w":-0.5703244805335999},"size":3.083723306655884,"orthographic":false}