{"cameraMode":{"drawMode":0,"name":"Shaded","section":"Shading Mode"},"sceneLighting":false,"audioPlay":false,"sceneViewState":{"showFog":true,"showMaterialUpdate":false,"showSkybox":true,"showFlares":true,"showImageEffects":true,"showParticleSystems":true},"in2DMode":false,"pivot":{"x":-0.0582716204226017,"y":-1.6119530200958253,"z":-0.12967106699943543},"rotation":{"x":-0.06661626696586609,"y":-0.9067370295524597,"z":0.38585925102233889,"w":-0.15653449296951295},"size":8.389579772949219,"orthographic":false}