{"cameraMode":{"drawMode":0,"name":"Shaded","section":"Shading Mode"},"sceneLighting":true,"audioPlay":false,"sceneViewState":{"showFog":true,"showMaterialUpdate":false,"showSkybox":true,"showFlares":true,"showImageEffects":true,"showParticleSystems":true},"in2DMode":false,"pivot":{"x":-2.436574697494507,"y":3.203014850616455,"z":9.995089530944825},"rotation":{"x":0.206314355134964,"y":0.5685132145881653,"z":-0.14995184540748597,"w":0.7821390628814697},"size":4.041658401489258,"orthographic":false}