{"cameraMode":{"drawMode":0,"name":"Shaded","section":"Shading Mode"},"sceneLighting":false,"audioPlay":false,"sceneViewState":{"showFog":true,"showMaterialUpdate":false,"showSkybox":true,"showFlares":true,"showImageEffects":true,"showParticleSystems":true},"in2DMode":false,"pivot":{"x":-2.0317628383636476,"y":1.1277841329574586,"z":0.3143494129180908},"rotation":{"x":0.09995873272418976,"y":0.8873876333236694,"z":-0.22889281809329987,"w":0.38750407099723818},"size":4.041658401489258,"orthographic":false}