{"cameraMode":{"drawMode":0,"name":"Shaded","section":"Shading Mode"},"sceneLighting":false,"audioPlay":false,"sceneViewState":{"showFog":true,"showMaterialUpdate":false,"showSkybox":true,"showFlares":true,"showImageEffects":true,"showParticleSystems":true},"in2DMode":false,"pivot":{"x":1.5238566398620606,"y":-0.9718462228775024,"z":-2.863018274307251},"rotation":{"x":0.13715633749961854,"y":0.5661885142326355,"z":-0.09621567279100418,"w":0.8070695996284485},"size":8.304210662841797,"orthographic":false}