{"cameraMode":{"drawMode":0,"name":"Shaded","section":"Shading Mode"},"sceneLighting":true,"audioPlay":false,"sceneViewState":{"showFog":true,"showMaterialUpdate":false,"showSkybox":true,"showFlares":true,"showImageEffects":true,"showParticleSystems":true},"in2DMode":false,"pivot":{"x":18.872989654541017,"y":9.853897094726563,"z":-15.36784553527832},"rotation":{"x":-0.22661124169826508,"y":-0.2045678198337555,"z":0.0487382672727108,"w":-0.9510120749473572},"size":4.0416579246521,"orthographic":false}