{"cameraMode":{"drawMode":0,"name":"Shaded","section":"Shading Mode"},"sceneLighting":true,"audioPlay":false,"sceneViewState":{"showFog":true,"showMaterialUpdate":false,"showSkybox":true,"showFlares":true,"showImageEffects":true,"showParticleSystems":true},"in2DMode":false,"pivot":{"x":9.713380813598633,"y":6.818890571594238,"z":113.15799713134766},"rotation":{"x":0.10632819682359696,"y":-0.8802374601364136,"z":0.3983171582221985,"w":0.2349892258644104},"size":8.70272159576416,"orthographic":false}